network,n_train,seed,p_h_fit,method,kl_test,latent_recov,n_confounded,fit_time_sec
mediator-9x2,500,0,0,obs_only_dagma,0.6692501712685583,nan,6,2.1700246334075928
mediator-9x2,500,0,0,latent_random,0.07015391462674181,nan,6,2.545051097869873
mediator-9x2,500,0,0,latent_warmstart,0.07015391462674181,nan,6,2.51824951171875
mediator-9x2,500,0,1,latent_random,0.07506972834319292,nan,6,2.578105926513672
mediator-9x2,500,0,1,latent_warmstart,0.10360978573603852,nan,6,2.575920343399048
mediator-9x2,500,0,2,latent_random,0.07090180440883564,1,6,2.624640703201294
mediator-9x2,500,0,2,latent_warmstart,0.12950073650968363,6,6,2.6371235847473145
mediator-9x2,500,0,3,latent_random,0.06415213296579658,1,6,2.7599618434906006
mediator-9x2,500,0,3,latent_warmstart,0.10067064165234108,6,6,2.608506441116333
mediator-9x2,500,0,4,latent_random,0.06492579678083565,3,6,2.6620144844055176
mediator-9x2,500,0,4,latent_warmstart,0.07527277100347085,6,6,2.6791799068450928
mediator-9x2,500,1,0,obs_only_dagma,0.4211012859186809,nan,6,1.0124099254608154
mediator-9x2,500,1,0,latent_random,0.07353339513925583,nan,6,2.648313522338867
mediator-9x2,500,1,0,latent_warmstart,0.07353339513925583,nan,6,2.7023327350616455
mediator-9x2,500,1,1,latent_random,0.07078262418506043,nan,6,2.650007486343384
mediator-9x2,500,1,1,latent_warmstart,0.09122164015480116,nan,6,2.701014518737793
mediator-9x2,500,1,2,latent_random,0.07347761149492094,2,6,2.930372714996338
mediator-9x2,500,1,2,latent_warmstart,0.11369916483424625,6,6,2.670696973800659
mediator-9x2,500,1,3,latent_random,0.07418808570688817,0,6,2.6615498065948486
mediator-9x2,500,1,3,latent_warmstart,0.10392889728992571,6,6,2.6177728176116943
mediator-9x2,500,1,4,latent_random,0.0755807402164006,4,6,2.59995698928833
mediator-9x2,500,1,4,latent_warmstart,0.12560294380231163,6,6,2.678009510040283
mediator-9x2,500,2,0,obs_only_dagma,0.5238457951031137,nan,6,1.0462555885314941
mediator-9x2,500,2,0,latent_random,0.07383254993491128,nan,6,2.641291618347168
mediator-9x2,500,2,0,latent_warmstart,0.07383254993491128,nan,6,2.6301400661468506
mediator-9x2,500,2,1,latent_random,0.07408941913242906,nan,6,2.7021048069000244
mediator-9x2,500,2,1,latent_warmstart,0.1284386065052665,nan,6,2.722228527069092
mediator-9x2,500,2,2,latent_random,0.06835534310439684,4,6,2.7164835929870605
mediator-9x2,500,2,2,latent_warmstart,0.11162936553935587,6,6,2.7030739784240723
mediator-9x2,500,2,3,latent_random,0.10435553056465352,3,6,2.645083427429199
mediator-9x2,500,2,3,latent_warmstart,0.11427909453086116,6,6,2.669556140899658
mediator-9x2,500,2,4,latent_random,0.07025704868161498,1,6,2.724562168121338
mediator-9x2,500,2,4,latent_warmstart,0.09809595310294306,6,6,2.6423604488372803
mediator-9x2,500,3,0,obs_only_dagma,0.46633030655764074,nan,6,1.0535597801208496
mediator-9x2,500,3,0,latent_random,0.04607835671952998,nan,6,2.669421911239624
mediator-9x2,500,3,0,latent_warmstart,0.04607835671952998,nan,6,2.7353978157043457
mediator-9x2,500,3,1,latent_random,0.04616179804465226,nan,6,2.6614768505096436
mediator-9x2,500,3,1,latent_warmstart,0.0837935407153072,nan,6,2.6411116123199463
mediator-9x2,500,3,2,latent_random,0.061925435036984666,4,6,2.668365955352783
mediator-9x2,500,3,2,latent_warmstart,0.07950766683898358,6,6,2.6651241779327393
mediator-9x2,500,3,3,latent_random,0.05278556507543897,0,6,2.6106433868408203
mediator-9x2,500,3,3,latent_warmstart,0.0867139794728633,6,6,2.653393507003784
mediator-9x2,500,3,4,latent_random,0.04783889564853716,2,6,2.7306787967681885
mediator-9x2,500,3,4,latent_warmstart,0.0755013952812238,6,6,2.649580955505371
mediator-9x2,500,4,0,obs_only_dagma,0.5582121196063294,nan,6,1.1174471378326416
mediator-9x2,500,4,0,latent_random,0.06852332273289008,nan,6,2.609565258026123
mediator-9x2,500,4,0,latent_warmstart,0.06852332273289008,nan,6,2.621307134628296
mediator-9x2,500,4,1,latent_random,0.05815473179331221,nan,6,2.649897813796997
mediator-9x2,500,4,1,latent_warmstart,0.1394814830994875,nan,6,2.628570556640625
mediator-9x2,500,4,2,latent_random,0.08561738355416715,6,6,2.6634879112243652
mediator-9x2,500,4,2,latent_warmstart,0.10552573606249638,6,6,2.7026054859161377
mediator-9x2,500,4,3,latent_random,0.06901080269657456,2,6,2.6610913276672363
mediator-9x2,500,4,3,latent_warmstart,0.0882847800118558,6,6,2.6551194190979004
mediator-9x2,500,4,4,latent_random,0.06162293364201865,3,6,2.7218215465545654
mediator-9x2,500,4,4,latent_warmstart,0.09061534148474415,6,6,2.6719329357147217
mediator-9x2,500,5,0,obs_only_dagma,0.6019408424240176,nan,6,1.028562068939209
mediator-9x2,500,5,0,latent_random,0.055993959923087644,nan,6,2.645948648452759
mediator-9x2,500,5,0,latent_warmstart,0.055993959923087644,nan,6,2.680297374725342
mediator-9x2,500,5,1,latent_random,0.06372526071173645,nan,6,2.6844582557678223
mediator-9x2,500,5,1,latent_warmstart,0.06069310158574304,nan,6,2.7792205810546875
mediator-9x2,500,5,2,latent_random,0.05799112027918696,0,6,2.839876413345337
mediator-9x2,500,5,2,latent_warmstart,0.07585435763534498,6,6,3.2652289867401123
mediator-9x2,500,5,3,latent_random,0.05142743438057629,1,6,2.8593451976776123
mediator-9x2,500,5,3,latent_warmstart,0.06169290087825985,6,6,2.6873505115509033
mediator-9x2,500,5,4,latent_random,0.055556416446540524,2,6,2.734325408935547
mediator-9x2,500,5,4,latent_warmstart,0.07074486127689461,6,6,2.688690185546875
mediator-9x2,500,6,0,obs_only_dagma,0.49187094127946906,nan,6,1.0146749019622803
mediator-9x2,500,6,0,latent_random,0.07735814549705822,nan,6,2.7038090229034424
mediator-9x2,500,6,0,latent_warmstart,0.07735814549705822,nan,6,2.6870346069335938
mediator-9x2,500,6,1,latent_random,0.0749769630295134,nan,6,2.6874167919158936
mediator-9x2,500,6,1,latent_warmstart,0.0874449809886535,nan,6,2.671501874923706
mediator-9x2,500,6,2,latent_random,0.0870123729326604,2,6,2.687572956085205
mediator-9x2,500,6,2,latent_warmstart,0.0927965811564544,6,6,2.7817318439483643
mediator-9x2,500,6,3,latent_random,0.07189659921643177,3,6,2.6562063694000244
mediator-9x2,500,6,3,latent_warmstart,0.08124760232444572,6,6,2.6718029975891113
mediator-9x2,500,6,4,latent_random,0.08103564156937537,6,6,2.7184560298919678
mediator-9x2,500,6,4,latent_warmstart,0.08817779967490935,6,6,2.6740949153900146
mediator-9x2,500,7,0,obs_only_dagma,0.41206646245030143,nan,6,0.9947996139526367
mediator-9x2,500,7,0,latent_random,0.06704713996940548,nan,6,2.624500036239624
mediator-9x2,500,7,0,latent_warmstart,0.06704713996940548,nan,6,2.6443257331848145
mediator-9x2,500,7,1,latent_random,0.0673958849705496,nan,6,2.750577449798584
mediator-9x2,500,7,1,latent_warmstart,0.06674605438121084,nan,6,2.8715686798095703
mediator-9x2,500,7,2,latent_random,0.06251652788669304,2,6,2.753150701522827
mediator-9x2,500,7,2,latent_warmstart,0.08387180601861033,6,6,2.761888265609741
mediator-9x2,500,7,3,latent_random,0.05421425160538362,1,6,2.7347395420074463
mediator-9x2,500,7,3,latent_warmstart,0.08097799142330331,6,6,2.6633238792419434
mediator-9x2,500,7,4,latent_random,0.05871919457725028,6,6,2.746946334838867
mediator-9x2,500,7,4,latent_warmstart,0.07786005922562467,6,6,2.6988637447357178
mediator-9x2,500,8,0,obs_only_dagma,0.36870358738413067,nan,6,1.0318236351013184
mediator-9x2,500,8,0,latent_random,0.06845605293142043,nan,6,2.71813702583313
mediator-9x2,500,8,0,latent_warmstart,0.06845605293142043,nan,6,2.703191041946411
mediator-9x2,500,8,1,latent_random,0.06996141123269517,nan,6,2.844465970993042
mediator-9x2,500,8,1,latent_warmstart,0.08215573399038334,nan,6,2.6557323932647705
mediator-9x2,500,8,2,latent_random,0.0632522645406759,0,6,2.7500414848327637
mediator-9x2,500,8,2,latent_warmstart,0.08064461237670884,6,6,2.672020673751831
mediator-9x2,500,8,3,latent_random,0.05784767829633175,6,6,2.769558906555176
mediator-9x2,500,8,3,latent_warmstart,0.09295616366498294,6,6,2.6717262268066406
mediator-9x2,500,8,4,latent_random,0.06107250684181231,4,6,2.667471408843994
mediator-9x2,500,8,4,latent_warmstart,0.07837909666771203,6,6,2.687354326248169
mediator-9x2,500,9,0,obs_only_dagma,0.4323489042692703,nan,6,1.031787633895874
mediator-9x2,500,9,0,latent_random,0.05753421153931626,nan,6,2.703221082687378
mediator-9x2,500,9,0,latent_warmstart,0.05753421153931626,nan,6,2.6436526775360107
mediator-9x2,500,9,1,latent_random,0.05646010577892291,nan,6,2.6525840759277344
mediator-9x2,500,9,1,latent_warmstart,0.07379638621699414,nan,6,2.8347160816192627
mediator-9x2,500,9,2,latent_random,0.05553123306983032,1,6,2.790242910385132
mediator-9x2,500,9,2,latent_warmstart,0.08304353699815614,6,6,2.702094793319702
mediator-9x2,500,9,3,latent_random,0.05523645786423259,2,6,2.997042179107666
mediator-9x2,500,9,3,latent_warmstart,0.0734546543098773,6,6,2.9421417713165283
mediator-9x2,500,9,4,latent_random,0.06367220148147901,0,6,2.8456287384033203
mediator-9x2,500,9,4,latent_warmstart,0.09367897224473332,6,6,2.7133586406707764
mediator-9x2,1000,0,0,obs_only_dagma,0.6233912383115783,nan,6,2.225565195083618
mediator-9x2,1000,0,0,latent_random,0.06236976139443584,nan,6,2.708925247192383
mediator-9x2,1000,0,0,latent_warmstart,0.06236976139443584,nan,6,2.7727253437042236
mediator-9x2,1000,0,1,latent_random,0.06525827282507102,nan,6,2.7092912197113037
mediator-9x2,1000,0,1,latent_warmstart,0.10224113467890561,nan,6,2.868497610092163
mediator-9x2,1000,0,2,latent_random,0.05542273106148521,0,6,2.671924591064453
mediator-9x2,1000,0,2,latent_warmstart,0.0910767922852731,6,6,2.696213483810425
mediator-9x2,1000,0,3,latent_random,0.05859043456612767,0,6,2.7723376750946045
mediator-9x2,1000,0,3,latent_warmstart,0.08607418721096316,6,6,2.715749740600586
mediator-9x2,1000,0,4,latent_random,0.04231589766618171,3,6,2.6608083248138428
mediator-9x2,1000,0,4,latent_warmstart,0.10667347127402316,6,6,2.6771957874298096
mediator-9x2,1000,1,0,obs_only_dagma,0.3928935034601615,nan,6,2.0840952396392822
mediator-9x2,1000,1,0,latent_random,0.04487066356995939,nan,6,2.7096524238586426
mediator-9x2,1000,1,0,latent_warmstart,0.04487066356995939,nan,6,2.6523494720458984
mediator-9x2,1000,1,1,latent_random,0.04826487686526093,nan,6,2.7516658306121826
mediator-9x2,1000,1,1,latent_warmstart,0.06378996442811236,nan,6,2.712754487991333
mediator-9x2,1000,1,2,latent_random,0.045440359199748315,2,6,2.7687129974365234
mediator-9x2,1000,1,2,latent_warmstart,0.07528098619886059,6,6,2.688239336013794
mediator-9x2,1000,1,3,latent_random,0.04660155286502743,1,6,2.6800124645233154
mediator-9x2,1000,1,3,latent_warmstart,0.0741180937243211,6,6,2.661351203918457
mediator-9x2,1000,1,4,latent_random,0.043447048415016454,4,6,2.7183239459991455
mediator-9x2,1000,1,4,latent_warmstart,0.08464146064032008,6,6,2.638449192047119
mediator-9x2,1000,2,0,obs_only_dagma,0.45101769233650124,nan,6,2.1227872371673584
mediator-9x2,1000,2,0,latent_random,0.038787391551348804,nan,6,2.6127116680145264
mediator-9x2,1000,2,0,latent_warmstart,0.038787391551348804,nan,6,2.691488027572632
mediator-9x2,1000,2,1,latent_random,0.04065261721741997,nan,6,2.8019371032714844
mediator-9x2,1000,2,1,latent_warmstart,0.07826397912157823,nan,6,2.7053143978118896
mediator-9x2,1000,2,2,latent_random,0.036119052059159884,6,6,2.672193765640259
mediator-9x2,1000,2,2,latent_warmstart,0.06018888847379422,6,6,2.762244939804077
mediator-9x2,1000,2,3,latent_random,0.034533788083948025,1,6,2.647104263305664
mediator-9x2,1000,2,3,latent_warmstart,0.08303727583578535,6,6,2.6304051876068115
mediator-9x2,1000,2,4,latent_random,0.03684484879305927,3,6,2.6818838119506836
mediator-9x2,1000,2,4,latent_warmstart,0.06134075403715045,6,6,2.6877598762512207
mediator-9x2,1000,3,0,obs_only_dagma,0.45559872341548946,nan,6,2.2649312019348145
mediator-9x2,1000,3,0,latent_random,0.03855495704532075,nan,6,2.782255172729492
mediator-9x2,1000,3,0,latent_warmstart,0.03855495704532075,nan,6,2.6929924488067627
mediator-9x2,1000,3,1,latent_random,0.04153159397452555,nan,6,2.651024341583252
mediator-9x2,1000,3,1,latent_warmstart,0.06242026104574627,nan,6,2.666123151779175
mediator-9x2,1000,3,2,latent_random,0.055094758586289316,4,6,2.694373846054077
mediator-9x2,1000,3,2,latent_warmstart,0.06796185346455097,6,6,2.695598840713501
mediator-9x2,1000,3,3,latent_random,0.04553756816873822,0,6,2.63258695602417
mediator-9x2,1000,3,3,latent_warmstart,0.06408732959422636,6,6,2.7231764793395996
mediator-9x2,1000,3,4,latent_random,0.04123219209582274,2,6,2.6866748332977295
mediator-9x2,1000,3,4,latent_warmstart,0.07609805865013719,6,6,2.822544574737549
mediator-9x2,1000,4,0,obs_only_dagma,0.49857203379037074,nan,6,2.203423023223877
mediator-9x2,1000,4,0,latent_random,0.03253342900569578,nan,6,2.71420955657959
mediator-9x2,1000,4,0,latent_warmstart,0.03253342900569578,nan,6,2.6707701683044434
mediator-9x2,1000,4,1,latent_random,0.032591294726634246,nan,6,2.645824909210205
mediator-9x2,1000,4,1,latent_warmstart,0.06105130209243548,nan,6,2.6569530963897705
mediator-9x2,1000,4,2,latent_random,0.03794606172728798,5,6,2.6719722747802734
mediator-9x2,1000,4,2,latent_warmstart,0.04957604689086459,6,6,2.7210891246795654
mediator-9x2,1000,4,3,latent_random,0.0325827907915226,2,6,2.6736888885498047
mediator-9x2,1000,4,3,latent_warmstart,0.07220867892397287,6,6,2.769043207168579
mediator-9x2,1000,4,4,latent_random,0.03337930089118046,3,6,2.722205638885498
mediator-9x2,1000,4,4,latent_warmstart,0.04079979799513822,6,6,2.698448419570923
mediator-9x2,1000,5,0,obs_only_dagma,0.559530285040239,nan,6,2.0424654483795166
mediator-9x2,1000,5,0,latent_random,0.050768320181907356,nan,6,2.630361557006836
mediator-9x2,1000,5,0,latent_warmstart,0.050768320181907356,nan,6,2.6755454540252686
mediator-9x2,1000,5,1,latent_random,0.05857578634820193,nan,6,2.691889524459839
mediator-9x2,1000,5,1,latent_warmstart,0.06533227570735889,nan,6,2.6554603576660156
mediator-9x2,1000,5,2,latent_random,0.04832777733859572,0,6,2.6587507724761963
mediator-9x2,1000,5,2,latent_warmstart,0.07318892363253582,6,6,2.690293788909912
mediator-9x2,1000,5,3,latent_random,0.05109857308084287,1,6,2.6206817626953125
mediator-9x2,1000,5,3,latent_warmstart,0.06891838914759241,6,6,2.6603152751922607
mediator-9x2,1000,5,4,latent_random,0.04957083295594522,3,6,2.684187650680542
mediator-9x2,1000,5,4,latent_warmstart,0.0673962565883528,4,6,2.6814000606536865
mediator-9x2,1000,6,0,obs_only_dagma,0.4769227347272924,nan,6,2.0776002407073975
mediator-9x2,1000,6,0,latent_random,0.06576727743591704,nan,6,2.625439167022705
mediator-9x2,1000,6,0,latent_warmstart,0.06576727743591704,nan,6,2.5990347862243652
mediator-9x2,1000,6,1,latent_random,0.06664324076058392,nan,6,2.6405651569366455
mediator-9x2,1000,6,1,latent_warmstart,0.06040722502104501,nan,6,2.6924469470977783
mediator-9x2,1000,6,2,latent_random,0.07011393169052305,4,6,2.6886398792266846
mediator-9x2,1000,6,2,latent_warmstart,0.07387906963296942,6,6,2.6295809745788574
mediator-9x2,1000,6,3,latent_random,0.06308362603880902,3,6,2.6563642024993896
mediator-9x2,1000,6,3,latent_warmstart,0.08038761446143106,6,6,2.670686960220337
mediator-9x2,1000,6,4,latent_random,0.07835220090383466,6,6,2.6414811611175537
mediator-9x2,1000,6,4,latent_warmstart,0.0715035411814231,6,6,2.640662670135498
mediator-9x2,1000,7,0,obs_only_dagma,0.3831937665936014,nan,6,2.150710105895996
mediator-9x2,1000,7,0,latent_random,0.03630565796992968,nan,6,2.6059365272521973
mediator-9x2,1000,7,0,latent_warmstart,0.03630565796992968,nan,6,2.649696111679077
mediator-9x2,1000,7,1,latent_random,0.03706690003638258,nan,6,2.703432321548462
mediator-9x2,1000,7,1,latent_warmstart,0.05463974432448104,nan,6,2.6083669662475586
mediator-9x2,1000,7,2,latent_random,0.03209137158056308,2,6,2.605146646499634
mediator-9x2,1000,7,2,latent_warmstart,0.04966736633466873,6,6,2.646862030029297
mediator-9x2,1000,7,3,latent_random,0.029042753804183974,1,6,2.618107318878174
mediator-9x2,1000,7,3,latent_warmstart,0.06010195020419218,6,6,2.6520943641662598
mediator-9x2,1000,7,4,latent_random,0.033625917284267004,6,6,2.6191070079803467
mediator-9x2,1000,7,4,latent_warmstart,0.0546519901351914,6,6,2.687134027481079
mediator-9x2,1000,8,0,obs_only_dagma,0.3684246779103493,nan,6,2.098869800567627
mediator-9x2,1000,8,0,latent_random,0.05039260024502745,nan,6,2.7014529705047607
mediator-9x2,1000,8,0,latent_warmstart,0.05039260024502745,nan,6,2.6505990028381348
mediator-9x2,1000,8,1,latent_random,0.05179499720341951,nan,6,2.605081081390381
mediator-9x2,1000,8,1,latent_warmstart,0.06405850439305816,nan,6,2.6274707317352295
mediator-9x2,1000,8,2,latent_random,0.04326609634090772,0,6,2.6784982681274414
mediator-9x2,1000,8,2,latent_warmstart,0.06896293229598349,6,6,2.638855218887329
mediator-9x2,1000,8,3,latent_random,0.03559596970592693,5,6,2.6067447662353516
mediator-9x2,1000,8,3,latent_warmstart,0.0634051138220233,6,6,2.6253674030303955
mediator-9x2,1000,8,4,latent_random,0.05538409938995237,2,6,2.641368865966797
mediator-9x2,1000,8,4,latent_warmstart,0.062070788366938245,6,6,2.7559614181518555
mediator-9x2,1000,9,0,obs_only_dagma,0.4265338817967379,nan,6,2.0396759510040283
mediator-9x2,1000,9,0,latent_random,0.04413018659860768,nan,6,2.62620210647583
mediator-9x2,1000,9,0,latent_warmstart,0.04413018659860768,nan,6,2.5760257244110107
mediator-9x2,1000,9,1,latent_random,0.03872246679305569,nan,6,2.624830484390259
mediator-9x2,1000,9,1,latent_warmstart,0.06495512412130644,nan,6,2.579437732696533
mediator-9x2,1000,9,2,latent_random,0.043216740962321865,1,6,2.6548545360565186
mediator-9x2,1000,9,2,latent_warmstart,0.06335591190665468,6,6,2.6213457584381104
mediator-9x2,1000,9,3,latent_random,0.036628920546155186,0,6,2.5988712310791016
mediator-9x2,1000,9,3,latent_warmstart,0.058721423468941936,6,6,2.724705219268799
mediator-9x2,1000,9,4,latent_random,0.04421852001460991,0,6,2.6334941387176514
mediator-9x2,1000,9,4,latent_warmstart,0.05333596216279446,6,6,2.6262402534484863
mediator-9x2,2000,0,0,obs_only_dagma,0.6400312535738006,nan,6,2.358957529067993
mediator-9x2,2000,0,0,latent_random,0.0461206631648885,nan,6,2.6004199981689453
mediator-9x2,2000,0,0,latent_warmstart,0.0461206631648885,nan,6,2.636463165283203
mediator-9x2,2000,0,1,latent_random,0.04935817239331186,nan,6,2.6682121753692627
mediator-9x2,2000,0,1,latent_warmstart,0.09759686561051772,nan,6,2.6569831371307373
mediator-9x2,2000,0,2,latent_random,0.04372169901141376,1,6,2.708921194076538
mediator-9x2,2000,0,2,latent_warmstart,0.05131350221526887,6,6,2.7435317039489746
mediator-9x2,2000,0,3,latent_random,0.04906077476449511,0,6,2.6568167209625244
mediator-9x2,2000,0,3,latent_warmstart,0.08297157916023856,6,6,2.6626341342926025
mediator-9x2,2000,0,4,latent_random,0.031457115025473215,3,6,2.6403162479400635
mediator-9x2,2000,0,4,latent_warmstart,0.05350931590759167,6,6,2.619056463241577
mediator-9x2,2000,1,0,obs_only_dagma,0.36883745260818124,nan,6,2.2128751277923584
mediator-9x2,2000,1,0,latent_random,0.027185800949288463,nan,6,2.5651893615722656
mediator-9x2,2000,1,0,latent_warmstart,0.027185800949288463,nan,6,2.6135244369506836
mediator-9x2,2000,1,1,latent_random,0.02876332105516255,nan,6,2.6258044242858887
mediator-9x2,2000,1,1,latent_warmstart,0.04169207514628326,nan,6,2.7567548751831055
mediator-9x2,2000,1,2,latent_random,0.028900218870120398,2,6,2.676231622695923
mediator-9x2,2000,1,2,latent_warmstart,0.05480156782651058,6,6,2.6570117473602295
mediator-9x2,2000,1,3,latent_random,0.027861572219862296,0,6,2.6392641067504883
mediator-9x2,2000,1,3,latent_warmstart,0.04466888357219645,6,6,2.6249167919158936
mediator-9x2,2000,1,4,latent_random,0.028347748757296287,4,6,2.6768646240234375
mediator-9x2,2000,1,4,latent_warmstart,0.06660890282229204,6,6,2.6672022342681885
mediator-9x2,2000,2,0,obs_only_dagma,0.4344867997703492,nan,6,2.234281301498413
mediator-9x2,2000,2,0,latent_random,0.030768858339534688,nan,6,2.6369402408599854
mediator-9x2,2000,2,0,latent_warmstart,0.030768858339534688,nan,6,2.6504790782928467
mediator-9x2,2000,2,1,latent_random,0.03233016516979248,nan,6,2.7442595958709717
mediator-9x2,2000,2,1,latent_warmstart,0.08325820481157464,nan,6,2.68961238861084
mediator-9x2,2000,2,2,latent_random,0.028774781904282065,4,6,2.6361875534057617
mediator-9x2,2000,2,2,latent_warmstart,0.07886586412072027,6,6,2.627556562423706
mediator-9x2,2000,2,3,latent_random,0.028171298392081212,2,6,2.6403651237487793
mediator-9x2,2000,2,3,latent_warmstart,0.07332714612561553,6,6,2.6554737091064453
mediator-9x2,2000,2,4,latent_random,0.02811404728129574,1,6,2.6874473094940186
mediator-9x2,2000,2,4,latent_warmstart,0.06486045971547583,6,6,2.645326614379883
mediator-9x2,2000,3,0,obs_only_dagma,0.42722222935347354,nan,6,2.1673128604888916
mediator-9x2,2000,3,0,latent_random,0.02349986503424617,nan,6,2.7262940406799316
mediator-9x2,2000,3,0,latent_warmstart,0.02349986503424617,nan,6,2.626713752746582
mediator-9x2,2000,3,1,latent_random,0.022924168132181677,nan,6,2.584904909133911
mediator-9x2,2000,3,1,latent_warmstart,0.04417217888796898,nan,6,2.6252598762512207
mediator-9x2,2000,3,2,latent_random,0.04005920473401048,3,6,2.625112533569336
mediator-9x2,2000,3,2,latent_warmstart,0.05685710394824284,6,6,2.6406373977661133
mediator-9x2,2000,3,3,latent_random,0.027990781659001485,0,6,2.645129442214966
mediator-9x2,2000,3,3,latent_warmstart,0.06612507685494329,6,6,2.6353507041931152
mediator-9x2,2000,3,4,latent_random,0.02461291103580443,2,6,2.641592502593994
mediator-9x2,2000,3,4,latent_warmstart,0.03559791227603881,6,6,2.7346749305725098
mediator-9x2,2000,4,0,obs_only_dagma,0.523788020931395,nan,6,2.2645697593688965
mediator-9x2,2000,4,0,latent_random,0.026436841644068565,nan,6,2.6091644763946533
mediator-9x2,2000,4,0,latent_warmstart,0.026436841644068565,nan,6,2.6965768337249756
mediator-9x2,2000,4,1,latent_random,0.02783547915931983,nan,6,2.6666412353515625
mediator-9x2,2000,4,1,latent_warmstart,0.09094853982911566,nan,6,2.6393837928771973
mediator-9x2,2000,4,2,latent_random,0.05488270041629839,3,6,2.6261329650878906
mediator-9x2,2000,4,2,latent_warmstart,0.046327049622391314,6,6,2.625582456588745
mediator-9x2,2000,4,3,latent_random,0.03175161856036368,0,6,2.6193995475769043
mediator-9x2,2000,4,3,latent_warmstart,0.05518420282598946,6,6,2.755171537399292
mediator-9x2,2000,4,4,latent_random,0.029990084393585192,3,6,2.6304283142089844
mediator-9x2,2000,4,4,latent_warmstart,0.0519378565471218,6,6,2.6503255367279053
mediator-9x2,2000,5,0,obs_only_dagma,0.47932032360171917,nan,6,2.299259662628174
mediator-9x2,2000,5,0,latent_random,0.02362130294361542,nan,6,2.609299659729004
mediator-9x2,2000,5,0,latent_warmstart,0.02362130294361542,nan,6,2.609247922897339
mediator-9x2,2000,5,1,latent_random,0.025943174008274283,nan,6,2.6888442039489746
mediator-9x2,2000,5,1,latent_warmstart,0.05021183122567585,nan,6,2.623260259628296
mediator-9x2,2000,5,2,latent_random,0.027528545204978272,0,6,2.6100027561187744
mediator-9x2,2000,5,2,latent_warmstart,0.04808130648598308,6,6,2.6865134239196777
mediator-9x2,2000,5,3,latent_random,0.029159147523341034,1,6,2.609461545944214
mediator-9x2,2000,5,3,latent_warmstart,0.04154908653508471,6,6,2.625643014907837
mediator-9x2,2000,5,4,latent_random,0.03256629052770421,3,6,2.6249845027923584
mediator-9x2,2000,5,4,latent_warmstart,0.056567391108570675,6,6,2.6315481662750244
mediator-9x2,2000,6,0,obs_only_dagma,0.5872618071594609,nan,6,2.1805102825164795
mediator-9x2,2000,6,0,latent_random,0.05269286540389295,nan,6,2.5944488048553467
mediator-9x2,2000,6,0,latent_warmstart,0.05269286540389295,nan,6,2.6198792457580566
mediator-9x2,2000,6,1,latent_random,0.05431171811639679,nan,6,2.6451566219329834
mediator-9x2,2000,6,1,latent_warmstart,0.08603588524017702,nan,6,2.7505481243133545
mediator-9x2,2000,6,2,latent_random,0.05621119944971831,2,6,2.6326515674591064
mediator-9x2,2000,6,2,latent_warmstart,0.06842350545104914,6,6,2.65328311920166
mediator-9x2,2000,6,3,latent_random,0.05219499825664364,3,6,2.6429128646850586
mediator-9x2,2000,6,3,latent_warmstart,0.07110539440696861,6,6,2.6285173892974854
mediator-9x2,2000,6,4,latent_random,0.05852638213146122,6,6,2.676403284072876
mediator-9x2,2000,6,4,latent_warmstart,0.07311141977353763,6,6,2.651502847671509
mediator-9x2,2000,7,0,obs_only_dagma,0.3829324769803364,nan,6,2.3461427688598633
mediator-9x2,2000,7,0,latent_random,0.021192474235720127,nan,6,2.6725757122039795
mediator-9x2,2000,7,0,latent_warmstart,0.021192474235720127,nan,6,2.7964346408843994
mediator-9x2,2000,7,1,latent_random,0.021185441478120737,nan,6,2.6577796936035156
mediator-9x2,2000,7,1,latent_warmstart,0.03812359031086743,nan,6,2.7057888507843018
mediator-9x2,2000,7,2,latent_random,0.019997382934478836,2,6,2.715729236602783
mediator-9x2,2000,7,2,latent_warmstart,0.03538197997058745,6,6,2.7457427978515625
mediator-9x2,2000,7,3,latent_random,0.018104533847569826,1,6,2.7999136447906494
mediator-9x2,2000,7,3,latent_warmstart,0.03445951554026827,6,6,2.7342355251312256
mediator-9x2,2000,7,4,latent_random,0.01974898632493094,6,6,2.688558578491211
mediator-9x2,2000,7,4,latent_warmstart,0.04116494740429388,6,6,2.655189037322998
mediator-9x2,2000,8,0,obs_only_dagma,0.3470357214542634,nan,6,2.5466949939727783
mediator-9x2,2000,8,0,latent_random,0.03706681913540244,nan,6,2.6252291202545166
mediator-9x2,2000,8,0,latent_warmstart,0.03706681913540244,nan,6,2.6247408390045166
mediator-9x2,2000,8,1,latent_random,0.03959443613836733,nan,6,2.65631103515625
mediator-9x2,2000,8,1,latent_warmstart,0.06599553252755364,nan,6,2.6498358249664307
mediator-9x2,2000,8,2,latent_random,0.032227358400231054,0,6,2.6789565086364746
mediator-9x2,2000,8,2,latent_warmstart,0.058064169260571674,6,6,2.6462934017181396
mediator-9x2,2000,8,3,latent_random,0.0279616568111809,6,6,2.6504385471343994
mediator-9x2,2000,8,3,latent_warmstart,0.050839473642165345,6,6,2.7222681045532227
mediator-9x2,2000,8,4,latent_random,0.03933339978858186,4,6,2.867565155029297
mediator-9x2,2000,8,4,latent_warmstart,0.042216404674775276,6,6,2.645451068878174
mediator-9x2,2000,9,0,obs_only_dagma,0.4297986735124315,nan,6,2.2746639251708984
mediator-9x2,2000,9,0,latent_random,0.03447666975462482,nan,6,2.6386404037475586
mediator-9x2,2000,9,0,latent_warmstart,0.03447666975462482,nan,6,2.6883108615875244
mediator-9x2,2000,9,1,latent_random,0.030980907012178704,nan,6,2.639981746673584
mediator-9x2,2000,9,1,latent_warmstart,0.059922383150427194,nan,6,2.640737533569336
mediator-9x2,2000,9,2,latent_random,0.03285953694201993,1,6,2.653012275695801
mediator-9x2,2000,9,2,latent_warmstart,0.05411359213774247,6,6,2.700026750564575
mediator-9x2,2000,9,3,latent_random,0.03437084861417006,0,6,3.3220949172973633
mediator-9x2,2000,9,3,latent_warmstart,0.048229145387404415,6,6,3.2788169384002686
mediator-9x2,2000,9,4,latent_random,0.03454900960355367,0,6,3.441951036453247
mediator-9x2,2000,9,4,latent_warmstart,0.040627348215686254,6,6,3.4764769077301025
mediator-9x2,4000,0,0,obs_only_dagma,0.5890780285555,nan,6,4.285438776016235
mediator-9x2,4000,0,0,latent_random,0.03619322577217865,nan,6,3.3357512950897217
mediator-9x2,4000,0,0,latent_warmstart,0.03619322577217865,nan,6,3.276073694229126
mediator-9x2,4000,0,1,latent_random,0.04010301141832606,nan,6,3.1530110836029053
mediator-9x2,4000,0,1,latent_warmstart,0.0844895756906805,nan,6,3.0682199001312256
mediator-9x2,4000,0,2,latent_random,0.034398744615243615,1,6,2.977146625518799
mediator-9x2,4000,0,2,latent_warmstart,0.03858739789046872,6,6,2.789074182510376
mediator-9x2,4000,0,3,latent_random,0.04055561341734126,1,6,2.8510491847991943
mediator-9x2,4000,0,3,latent_warmstart,0.06254354810730156,6,6,2.8083529472351074
mediator-9x2,4000,0,4,latent_random,0.025145941828418117,3,6,2.8172011375427246
mediator-9x2,4000,0,4,latent_warmstart,0.054353996996825416,6,6,2.844883918762207
mediator-9x2,4000,1,0,obs_only_dagma,0.35978859617269165,nan,6,4.407603979110718
mediator-9x2,4000,1,0,latent_random,0.019146883536883763,nan,6,2.801637649536133
mediator-9x2,4000,1,0,latent_warmstart,0.019146883536883763,nan,6,2.7613422870635986
mediator-9x2,4000,1,1,latent_random,0.01985376977841291,nan,6,2.7675576210021973
mediator-9x2,4000,1,1,latent_warmstart,0.04077911472270124,nan,6,2.8126492500305176
mediator-9x2,4000,1,2,latent_random,0.02171250328382257,2,6,2.7547361850738525
mediator-9x2,4000,1,2,latent_warmstart,0.03864743010174365,6,6,2.7868998050689697
mediator-9x2,4000,1,3,latent_random,0.018926288398079194,0,6,2.713031053543091
mediator-9x2,4000,1,3,latent_warmstart,0.054951965922677815,6,6,2.88211727142334
mediator-9x2,4000,1,4,latent_random,0.019142491208674173,4,6,2.800147533416748
mediator-9x2,4000,1,4,latent_warmstart,0.035128723385163596,6,6,3.0888864994049072
mediator-9x2,4000,2,0,obs_only_dagma,0.43867989547210406,nan,6,4.00860595703125
mediator-9x2,4000,2,0,latent_random,0.026778431747640496,nan,6,3.1377885341644287
mediator-9x2,4000,2,0,latent_warmstart,0.026778431747640496,nan,6,3.110715866088867
mediator-9x2,4000,2,1,latent_random,0.028767329645269513,nan,6,2.762359142303467
mediator-9x2,4000,2,1,latent_warmstart,0.0641810526196398,nan,6,2.8880808353424072
mediator-9x2,4000,2,2,latent_random,0.02267801445376527,2,6,2.800632953643799
mediator-9x2,4000,2,2,latent_warmstart,0.04851705200443668,6,6,2.84378981590271
mediator-9x2,4000,2,3,latent_random,0.02459192081235173,2,6,2.7568089962005615
mediator-9x2,4000,2,3,latent_warmstart,0.07270984885955656,6,6,2.719449281692505
mediator-9x2,4000,2,4,latent_random,0.024887978403157263,1,6,2.7456328868865967
mediator-9x2,4000,2,4,latent_warmstart,0.06547433984510143,6,6,2.756411075592041
mediator-9x2,4000,3,0,obs_only_dagma,0.44008042154274385,nan,6,4.226961135864258
mediator-9x2,4000,3,0,latent_random,0.025133194457815478,nan,6,2.8466498851776123
mediator-9x2,4000,3,0,latent_warmstart,0.025133194457815478,nan,6,2.8124406337738037
mediator-9x2,4000,3,1,latent_random,0.024229108042584713,nan,6,2.7601699829101562
mediator-9x2,4000,3,1,latent_warmstart,0.0592231489144428,nan,6,2.782036781311035
mediator-9x2,4000,3,2,latent_random,0.039289875345630776,4,6,2.8188562393188477
mediator-9x2,4000,3,2,latent_warmstart,0.041151427091454806,6,6,2.7987561225891113
mediator-9x2,4000,3,3,latent_random,0.026968265286368975,0,6,2.7189736366271973
mediator-9x2,4000,3,3,latent_warmstart,0.06831569824164774,6,6,2.797574043273926
mediator-9x2,4000,3,4,latent_random,0.026571671853060863,2,6,2.8294684886932373
mediator-9x2,4000,3,4,latent_warmstart,0.048499577116214,6,6,2.909386396408081
mediator-9x2,4000,4,0,obs_only_dagma,0.47435245424320094,nan,6,4.290353536605835
mediator-9x2,4000,4,0,latent_random,0.025675361102845073,nan,6,2.880910873413086
mediator-9x2,4000,4,0,latent_warmstart,0.025675361102845073,nan,6,2.778272867202759
mediator-9x2,4000,4,1,latent_random,0.025124824975295112,nan,6,2.808577060699463
mediator-9x2,4000,4,1,latent_warmstart,0.08749159791074135,nan,6,2.797212600708008
mediator-9x2,4000,4,2,latent_random,0.030907935144645293,5,6,2.7936947345733643
mediator-9x2,4000,4,2,latent_warmstart,0.06172184599506103,6,6,2.762253999710083
mediator-9x2,4000,4,3,latent_random,0.029101502378834354,0,6,2.894108772277832
mediator-9x2,4000,4,3,latent_warmstart,0.044482381036109686,6,6,2.76375412940979
mediator-9x2,4000,4,4,latent_random,0.025462547358280574,5,6,2.7806613445281982
mediator-9x2,4000,4,4,latent_warmstart,0.05373682812593472,6,6,2.7995805740356445
mediator-9x2,4000,5,0,obs_only_dagma,0.5138182564311276,nan,6,4.022439956665039
mediator-9x2,4000,5,0,latent_random,0.027217758565294403,nan,6,3.004941701889038
mediator-9x2,4000,5,0,latent_warmstart,0.027217758565294403,nan,6,2.731147289276123
mediator-9x2,4000,5,1,latent_random,0.0315495129111838,nan,6,2.823641300201416
mediator-9x2,4000,5,1,latent_warmstart,0.07829932019229169,nan,6,2.9400291442871094
mediator-9x2,4000,5,2,latent_random,0.026244698165287517,0,6,2.83510160446167
mediator-9x2,4000,5,2,latent_warmstart,0.04276900182038368,6,6,2.8644049167633057
mediator-9x2,4000,5,3,latent_random,0.029756036338303815,1,6,2.7642509937286377
mediator-9x2,4000,5,3,latent_warmstart,0.04556281006317775,6,6,2.8318357467651367
mediator-9x2,4000,5,4,latent_random,0.035939937515806264,2,6,2.7731573581695557
mediator-9x2,4000,5,4,latent_warmstart,0.06332306266406285,6,6,2.7800981998443604
mediator-9x2,4000,6,0,obs_only_dagma,0.5629449752774303,nan,6,4.376994848251343
mediator-9x2,4000,6,0,latent_random,0.03707456510227125,nan,6,2.8067972660064697
mediator-9x2,4000,6,0,latent_warmstart,0.03707456510227125,nan,6,2.8032827377319336
mediator-9x2,4000,6,1,latent_random,0.06863005172931302,nan,6,2.7621002197265625
mediator-9x2,4000,6,1,latent_warmstart,0.07222298008500339,nan,6,2.7585201263427734
mediator-9x2,4000,6,2,latent_random,0.04409768178487461,2,6,2.9161860942840576
mediator-9x2,4000,6,2,latent_warmstart,0.057989738674478986,6,6,2.7337756156921387
mediator-9x2,4000,6,3,latent_random,0.03670544819937227,3,6,2.7355666160583496
mediator-9x2,4000,6,3,latent_warmstart,0.057063238383713966,6,6,2.7903292179107666
mediator-9x2,4000,6,4,latent_random,0.04919792763409525,6,6,2.8363442420959473
mediator-9x2,4000,6,4,latent_warmstart,0.079255689992209,6,6,2.7805159091949463
mediator-9x2,4000,7,0,obs_only_dagma,0.3463986224607325,nan,6,5.051792860031128
mediator-9x2,4000,7,0,latent_random,0.016900077208921616,nan,6,2.7451956272125244
mediator-9x2,4000,7,0,latent_warmstart,0.016900077208921616,nan,6,2.719492197036743
mediator-9x2,4000,7,1,latent_random,0.01821251657962719,nan,6,2.715033769607544
mediator-9x2,4000,7,1,latent_warmstart,0.0345203010023738,nan,6,2.671339750289917
mediator-9x2,4000,7,2,latent_random,0.01667233922978184,2,6,2.697108030319214
mediator-9x2,4000,7,2,latent_warmstart,0.03373219050644494,6,6,2.804685115814209
mediator-9x2,4000,7,3,latent_random,0.01790261712596397,1,6,2.733792304992676
mediator-9x2,4000,7,3,latent_warmstart,0.03324179995240861,6,6,2.7179529666900635
mediator-9x2,4000,7,4,latent_random,0.01662932132691708,6,6,2.6879360675811768
mediator-9x2,4000,7,4,latent_warmstart,0.04164777187590829,6,6,2.6865234375
mediator-9x2,4000,8,0,obs_only_dagma,0.3319058463208435,nan,6,4.814200162887573
mediator-9x2,4000,8,0,latent_random,0.022104690436410834,nan,6,2.7447407245635986
mediator-9x2,4000,8,0,latent_warmstart,0.022104690436410834,nan,6,2.7211596965789795
mediator-9x2,4000,8,1,latent_random,0.023667236874842956,nan,6,2.907703161239624
mediator-9x2,4000,8,1,latent_warmstart,0.04464507554888897,nan,6,2.7719597816467285
mediator-9x2,4000,8,2,latent_random,0.018916091422859438,0,6,2.7310636043548584
mediator-9x2,4000,8,2,latent_warmstart,0.0398109824020878,6,6,2.705758810043335
mediator-9x2,4000,8,3,latent_random,0.014323791275076658,6,6,2.747539520263672
mediator-9x2,4000,8,3,latent_warmstart,0.031070280314935417,6,6,2.7748141288757324
mediator-9x2,4000,8,4,latent_random,0.030728612459913762,2,6,2.750369071960449
mediator-9x2,4000,8,4,latent_warmstart,0.02399932306628294,6,6,2.731412887573242
mediator-9x2,4000,9,0,obs_only_dagma,0.43484531722116593,nan,6,4.600179433822632
mediator-9x2,4000,9,0,latent_random,0.03156225592345585,nan,6,2.6866016387939453
mediator-9x2,4000,9,0,latent_warmstart,0.03156225592345585,nan,6,2.6972715854644775
mediator-9x2,4000,9,1,latent_random,0.025766095797461475,nan,6,2.8514373302459717
mediator-9x2,4000,9,1,latent_warmstart,0.049074034772145225,nan,6,2.7384324073791504
mediator-9x2,4000,9,2,latent_random,0.03069408319822209,1,6,2.738536834716797
mediator-9x2,4000,9,2,latent_warmstart,0.050038496351790585,6,6,2.7579426765441895
mediator-9x2,4000,9,3,latent_random,0.025490790543161168,0,6,2.6944637298583984
mediator-9x2,4000,9,3,latent_warmstart,0.04754332445546261,6,6,2.7552621364593506
mediator-9x2,4000,9,4,latent_random,0.02701961260030572,0,6,2.7580714225769043
mediator-9x2,4000,9,4,latent_warmstart,0.02991144849102767,6,6,2.737617254257202
confounder-8x3,500,0,0,obs_only_dagma,0.7142575993770031,nan,16,1.0060718059539795
confounder-8x3,500,0,0,latent_random,0.02094196880941368,nan,16,2.6627426147460938
confounder-8x3,500,0,0,latent_warmstart,0.02094196880941368,nan,16,2.6294608116149902
confounder-8x3,500,0,1,latent_random,0.024758397551133626,nan,16,2.6780972480773926
confounder-8x3,500,0,1,latent_warmstart,0.027834250787810433,nan,16,2.660460948944092
confounder-8x3,500,0,2,latent_random,0.021612900460404205,nan,16,2.6562628746032715
confounder-8x3,500,0,2,latent_warmstart,0.024628619530494333,nan,16,2.6891133785247803
confounder-8x3,500,0,3,latent_random,0.029000484189495523,11,16,2.794090747833252
confounder-8x3,500,0,3,latent_warmstart,0.0220770247725266,16,16,2.7079765796661377
confounder-8x3,500,0,4,latent_random,0.030495068990637364,14,16,2.651191473007202
confounder-8x3,500,0,4,latent_warmstart,0.022257492789448108,16,16,2.6484029293060303
confounder-8x3,500,1,0,obs_only_dagma,0.8443337128068329,nan,16,0.9935481548309326
confounder-8x3,500,1,0,latent_random,0.025817456950658624,nan,16,2.6065616607666016
confounder-8x3,500,1,0,latent_warmstart,0.025817456950658624,nan,16,2.599109649658203
confounder-8x3,500,1,1,latent_random,0.02644550817752389,nan,16,2.6532788276672363
confounder-8x3,500,1,1,latent_warmstart,0.03411008239168822,nan,16,2.6677308082580566
confounder-8x3,500,1,2,latent_random,0.03235769158761315,nan,16,2.7660443782806396
confounder-8x3,500,1,2,latent_warmstart,0.03414825048092496,nan,16,2.6891701221466064
confounder-8x3,500,1,3,latent_random,0.030082432630074152,12,16,2.7043099403381348
confounder-8x3,500,1,3,latent_warmstart,0.02880649198548646,16,16,2.7118988037109375
confounder-8x3,500,1,4,latent_random,0.03456286205742565,14,16,2.720118761062622
confounder-8x3,500,1,4,latent_warmstart,0.02430884885063911,16,16,2.6827995777130127
confounder-8x3,500,2,0,obs_only_dagma,0.6403180251748868,nan,16,0.9823489189147949
confounder-8x3,500,2,0,latent_random,0.04229599307465293,nan,16,2.6074564456939697
confounder-8x3,500,2,0,latent_warmstart,0.04229599307465293,nan,16,2.6050195693969727
confounder-8x3,500,2,1,latent_random,0.0435674083764912,nan,16,2.6433677673339844
confounder-8x3,500,2,1,latent_warmstart,0.058902782143309906,nan,16,2.791656494140625
confounder-8x3,500,2,2,latent_random,0.05954671570861336,nan,16,2.754425048828125
confounder-8x3,500,2,2,latent_warmstart,0.03657390504104896,nan,16,2.720116138458252
confounder-8x3,500,2,3,latent_random,0.05374845508177373,9,16,2.6887998580932617
confounder-8x3,500,2,3,latent_warmstart,0.03946606081973947,16,16,2.6723673343658447
confounder-8x3,500,2,4,latent_random,0.06103852975061308,13,16,2.650773763656616
confounder-8x3,500,2,4,latent_warmstart,0.039680008317274584,16,16,2.693955183029175
confounder-8x3,500,3,0,obs_only_dagma,0.7617324379249677,nan,16,1.0239794254302979
confounder-8x3,500,3,0,latent_random,0.03751572675938952,nan,16,2.6123080253601074
confounder-8x3,500,3,0,latent_warmstart,0.03751572675938952,nan,16,2.695502758026123
confounder-8x3,500,3,1,latent_random,0.05102026299007001,nan,16,2.698819875717163
confounder-8x3,500,3,1,latent_warmstart,0.04374236753370653,nan,16,2.680018663406372
confounder-8x3,500,3,2,latent_random,0.03821002071174995,nan,16,2.651852607727051
confounder-8x3,500,3,2,latent_warmstart,0.04375012889482477,nan,16,2.661890983581543
confounder-8x3,500,3,3,latent_random,0.03794676930482588,13,16,2.6915905475616455
confounder-8x3,500,3,3,latent_warmstart,0.03067905495624501,16,16,2.8209643363952637
confounder-8x3,500,3,4,latent_random,0.03613185668280039,14,16,2.675347089767456
confounder-8x3,500,3,4,latent_warmstart,0.03780136588813576,16,16,2.7019152641296387
confounder-8x3,500,4,0,obs_only_dagma,0.8859522581030408,nan,16,1.0124545097351074
confounder-8x3,500,4,0,latent_random,0.04931678244207838,nan,16,2.681431293487549
confounder-8x3,500,4,0,latent_warmstart,0.04931678244207838,nan,16,2.6025469303131104
confounder-8x3,500,4,1,latent_random,0.039518377444384356,nan,16,2.6542437076568604
confounder-8x3,500,4,1,latent_warmstart,0.06251726957697201,nan,16,2.6649980545043945
confounder-8x3,500,4,2,latent_random,0.04236988934077068,nan,16,2.6559808254241943
confounder-8x3,500,4,2,latent_warmstart,0.04429143490594889,nan,16,2.678736925125122
confounder-8x3,500,4,3,latent_random,0.04711065402248593,13,16,2.687828779220581
confounder-8x3,500,4,3,latent_warmstart,0.04272884554039358,16,16,2.6872565746307373
confounder-8x3,500,4,4,latent_random,0.05355123006347817,16,16,2.687192678451538
confounder-8x3,500,4,4,latent_warmstart,0.057462189371628725,16,16,2.7746222019195557
confounder-8x3,500,5,0,obs_only_dagma,0.9451559744259672,nan,16,0.9984884262084961
confounder-8x3,500,5,0,latent_random,0.0385934424437373,nan,16,2.5952508449554443
confounder-8x3,500,5,0,latent_warmstart,0.0385934424437373,nan,16,2.6293680667877197
confounder-8x3,500,5,1,latent_random,0.02698932573588486,nan,16,2.6775615215301514
confounder-8x3,500,5,1,latent_warmstart,0.04204684176556839,nan,16,2.6281604766845703
confounder-8x3,500,5,2,latent_random,0.025346805100152636,nan,16,2.671854257583618
confounder-8x3,500,5,2,latent_warmstart,0.03428289269111495,nan,16,2.6970372200012207
confounder-8x3,500,5,3,latent_random,0.037788604606754816,14,16,2.6962780952453613
confounder-8x3,500,5,3,latent_warmstart,0.03095691775070719,16,16,2.7462375164031982
confounder-8x3,500,5,4,latent_random,0.028357089440568473,15,16,2.6568429470062256
confounder-8x3,500,5,4,latent_warmstart,0.030605720448468432,16,16,2.6602814197540283
confounder-8x3,500,6,0,obs_only_dagma,0.694998241476938,nan,16,0.9970600605010986
confounder-8x3,500,6,0,latent_random,0.024423309161392126,nan,16,2.62435245513916
confounder-8x3,500,6,0,latent_warmstart,0.024423309161392126,nan,16,2.5819618701934814
confounder-8x3,500,6,1,latent_random,0.022315039060817554,nan,16,2.626844882965088
confounder-8x3,500,6,1,latent_warmstart,0.02502524659862715,nan,16,2.6412274837493896
confounder-8x3,500,6,2,latent_random,0.023869466761581748,nan,16,2.7468221187591553
confounder-8x3,500,6,2,latent_warmstart,0.02747726315600474,nan,16,2.742769241333008
confounder-8x3,500,6,3,latent_random,0.02233142752141859,13,16,2.7578258514404297
confounder-8x3,500,6,3,latent_warmstart,0.02635464526935216,16,16,2.6894021034240723
confounder-8x3,500,6,4,latent_random,0.032479375046040815,11,16,2.6422476768493652
confounder-8x3,500,6,4,latent_warmstart,0.025567486945901052,16,16,2.670475482940674
confounder-8x3,500,7,0,obs_only_dagma,0.7031311662212616,nan,16,0.985468864440918
confounder-8x3,500,7,0,latent_random,0.030987902190616978,nan,16,2.585879325866699
confounder-8x3,500,7,0,latent_warmstart,0.030987902190616978,nan,16,2.6167187690734863
confounder-8x3,500,7,1,latent_random,0.02747993726775988,nan,16,2.6500508785247803
confounder-8x3,500,7,1,latent_warmstart,0.036913469731826964,nan,16,2.6333045959472656
confounder-8x3,500,7,2,latent_random,0.031318669519453834,nan,16,2.7305965423583984
confounder-8x3,500,7,2,latent_warmstart,0.03909612737674273,nan,16,2.690727949142456
confounder-8x3,500,7,3,latent_random,0.033885805759581444,9,16,2.6949472427368164
confounder-8x3,500,7,3,latent_warmstart,0.032428652531141466,16,16,2.6567115783691406
confounder-8x3,500,7,4,latent_random,0.032444672225970805,14,16,2.647040367126465
confounder-8x3,500,7,4,latent_warmstart,0.033849502585228564,16,16,2.6365110874176025
confounder-8x3,500,8,0,obs_only_dagma,0.7357083003941813,nan,16,0.9881227016448975
confounder-8x3,500,8,0,latent_random,0.027753021718886828,nan,16,2.6078200340270996
confounder-8x3,500,8,0,latent_warmstart,0.027753021718886828,nan,16,2.648667335510254
confounder-8x3,500,8,1,latent_random,0.028818731916274487,nan,16,2.681610584259033
confounder-8x3,500,8,1,latent_warmstart,0.04611592123706387,nan,16,2.751354217529297
confounder-8x3,500,8,2,latent_random,0.03414420636597271,nan,16,2.6469287872314453
confounder-8x3,500,8,2,latent_warmstart,0.04200109941908181,nan,16,2.695704460144043
confounder-8x3,500,8,3,latent_random,0.03470457842688468,14,16,2.7580907344818115
confounder-8x3,500,8,3,latent_warmstart,0.030310357390764153,16,16,2.7134087085723877
confounder-8x3,500,8,4,latent_random,0.04972818640526633,15,16,2.6767466068267822
confounder-8x3,500,8,4,latent_warmstart,0.03567207326797117,16,16,2.703552722930908
confounder-8x3,500,9,0,obs_only_dagma,0.9726082076721525,nan,16,1.0057079792022705
confounder-8x3,500,9,0,latent_random,0.041833188148302725,nan,16,2.6820812225341797
confounder-8x3,500,9,0,latent_warmstart,0.041833188148302725,nan,16,2.674240827560425
confounder-8x3,500,9,1,latent_random,0.04565902728487892,nan,16,2.6733663082122803
confounder-8x3,500,9,1,latent_warmstart,0.07686978377688725,nan,16,2.6528170108795166
confounder-8x3,500,9,2,latent_random,0.0405161422924305,nan,16,2.6628332138061523
confounder-8x3,500,9,2,latent_warmstart,0.037264767474610494,nan,16,2.6703848838806152
confounder-8x3,500,9,3,latent_random,0.0577238378642182,13,16,2.6518568992614746
confounder-8x3,500,9,3,latent_warmstart,0.03624587998614537,16,16,2.655974864959717
confounder-8x3,500,9,4,latent_random,0.049427873611262996,16,16,2.623701810836792
confounder-8x3,500,9,4,latent_warmstart,0.040500385746486955,16,16,2.622835397720337
confounder-8x3,1000,0,0,obs_only_dagma,0.6795467090556286,nan,16,1.0006799697875977
confounder-8x3,1000,0,0,latent_random,0.014171813727681837,nan,16,2.6824162006378174
confounder-8x3,1000,0,0,latent_warmstart,0.014171813727681837,nan,16,2.582879066467285
confounder-8x3,1000,0,1,latent_random,0.016050927777788715,nan,16,2.6265881061553955
confounder-8x3,1000,0,1,latent_warmstart,0.018437816751227132,nan,16,2.65620493888855
confounder-8x3,1000,0,2,latent_random,0.015415592870727579,nan,16,2.655466318130493
confounder-8x3,1000,0,2,latent_warmstart,0.01953697958394862,nan,16,2.667525053024292
confounder-8x3,1000,0,3,latent_random,0.02164160799543602,11,16,2.6057286262512207
confounder-8x3,1000,0,3,latent_warmstart,0.015299229492608646,16,16,2.679291248321533
confounder-8x3,1000,0,4,latent_random,0.01977563945177785,14,16,2.7013018131256104
confounder-8x3,1000,0,4,latent_warmstart,0.014718492854232323,16,16,2.734771728515625
confounder-8x3,1000,1,0,obs_only_dagma,0.8371549847719031,nan,16,1.0433237552642822
confounder-8x3,1000,1,0,latent_random,0.018592954950127805,nan,16,2.6632871627807617
confounder-8x3,1000,1,0,latent_warmstart,0.018592954950127805,nan,16,2.616633653640747
confounder-8x3,1000,1,1,latent_random,0.018650874305889076,nan,16,2.8124732971191406
confounder-8x3,1000,1,1,latent_warmstart,0.020838905346300507,nan,16,2.706190347671509
confounder-8x3,1000,1,2,latent_random,0.02786942069201004,nan,16,2.8980185985565186
confounder-8x3,1000,1,2,latent_warmstart,0.02142699164978623,nan,16,2.7253308296203613
confounder-8x3,1000,1,3,latent_random,0.022419389837583736,10,16,2.6987054347991943
confounder-8x3,1000,1,3,latent_warmstart,0.018409405778086807,16,16,2.8055975437164307
confounder-8x3,1000,1,4,latent_random,0.026165427113895134,14,16,2.6902191638946533
confounder-8x3,1000,1,4,latent_warmstart,0.01479963025168729,16,16,2.6440303325653076
confounder-8x3,1000,2,0,obs_only_dagma,0.5968005234463387,nan,16,1.014866828918457
confounder-8x3,1000,2,0,latent_random,0.021659169917136012,nan,16,2.593949794769287
confounder-8x3,1000,2,0,latent_warmstart,0.021659169917136012,nan,16,2.568331003189087
confounder-8x3,1000,2,1,latent_random,0.02528143229186064,nan,16,2.6190056800842285
confounder-8x3,1000,2,1,latent_warmstart,0.03300230655810843,nan,16,2.701488733291626
confounder-8x3,1000,2,2,latent_random,0.03221859294094109,nan,16,2.6646807193756104
confounder-8x3,1000,2,2,latent_warmstart,0.018999764990324408,nan,16,2.806396484375
confounder-8x3,1000,2,3,latent_random,0.028680025349755667,13,16,2.7336843013763428
confounder-8x3,1000,2,3,latent_warmstart,0.017640801668475703,16,16,2.7262256145477295
confounder-8x3,1000,2,4,latent_random,0.03154423107586091,12,16,2.7955949306488037
confounder-8x3,1000,2,4,latent_warmstart,0.01700877980143467,16,16,2.688769578933716
confounder-8x3,1000,3,0,obs_only_dagma,0.7225532253469868,nan,16,1.0230822563171387
confounder-8x3,1000,3,0,latent_random,0.022134250771509656,nan,16,2.6526050567626953
confounder-8x3,1000,3,0,latent_warmstart,0.022134250771509656,nan,16,2.6638176441192627
confounder-8x3,1000,3,1,latent_random,0.02822392198230439,nan,16,2.6343109607696533
confounder-8x3,1000,3,1,latent_warmstart,0.028161288792407646,nan,16,2.6349151134490967
confounder-8x3,1000,3,2,latent_random,0.022231014694657603,nan,16,2.7197000980377197
confounder-8x3,1000,3,2,latent_warmstart,0.027253413292983808,nan,16,2.687121868133545
confounder-8x3,1000,3,3,latent_random,0.02138149527088018,12,16,2.7078452110290527
confounder-8x3,1000,3,3,latent_warmstart,0.018600439146789327,16,16,2.739863634109497
confounder-8x3,1000,3,4,latent_random,0.021685061927060545,15,16,2.6515324115753174
confounder-8x3,1000,3,4,latent_warmstart,0.021713305177605946,16,16,2.6401565074920654
confounder-8x3,1000,4,0,obs_only_dagma,0.8646904348504325,nan,16,1.0236225128173828
confounder-8x3,1000,4,0,latent_random,0.027726811371511673,nan,16,2.6511006355285645
confounder-8x3,1000,4,0,latent_warmstart,0.027726811371511673,nan,16,2.6352922916412354
confounder-8x3,1000,4,1,latent_random,0.02062446003359497,nan,16,2.7343733310699463
confounder-8x3,1000,4,1,latent_warmstart,0.026393223169062452,nan,16,2.67225980758667
confounder-8x3,1000,4,2,latent_random,0.0205633779468144,nan,16,2.6820030212402344
confounder-8x3,1000,4,2,latent_warmstart,0.028533561626804982,nan,16,2.660736083984375
confounder-8x3,1000,4,3,latent_random,0.023780773511802522,13,16,2.7193641662597656
confounder-8x3,1000,4,3,latent_warmstart,0.025940851688467603,16,16,2.743727684020996
confounder-8x3,1000,4,4,latent_random,0.022678008311560305,16,16,2.670576810836792
confounder-8x3,1000,4,4,latent_warmstart,0.03457718743398175,16,16,2.6828646659851074
confounder-8x3,1000,5,0,obs_only_dagma,0.9207225575704179,nan,16,1.0570790767669678
confounder-8x3,1000,5,0,latent_random,0.03335989680417484,nan,16,2.6635661125183105
confounder-8x3,1000,5,0,latent_warmstart,0.03335989680417484,nan,16,2.6810367107391357
confounder-8x3,1000,5,1,latent_random,0.019879602302124155,nan,16,2.655853033065796
confounder-8x3,1000,5,1,latent_warmstart,0.027293930656334453,nan,16,2.713129997253418
confounder-8x3,1000,5,2,latent_random,0.018798327461277964,nan,16,2.7100722789764404
confounder-8x3,1000,5,2,latent_warmstart,0.027478113448223596,nan,16,2.671098232269287
confounder-8x3,1000,5,3,latent_random,0.025172205559222505,15,16,2.7030110359191895
confounder-8x3,1000,5,3,latent_warmstart,0.022835947244312038,16,16,2.6543924808502197
confounder-8x3,1000,5,4,latent_random,0.025600636091315465,15,16,2.6350972652435303
confounder-8x3,1000,5,4,latent_warmstart,0.02311115230462768,16,16,2.6244447231292725
confounder-8x3,1000,6,0,obs_only_dagma,0.6718726362302725,nan,16,1.0827391147613525
confounder-8x3,1000,6,0,latent_random,0.01574035569689869,nan,16,2.6081762313842773
confounder-8x3,1000,6,0,latent_warmstart,0.01574035569689869,nan,16,2.643112897872925
confounder-8x3,1000,6,1,latent_random,0.014896419998509103,nan,16,2.6875646114349365
confounder-8x3,1000,6,1,latent_warmstart,0.015506045242911881,nan,16,2.730168342590332
confounder-8x3,1000,6,2,latent_random,0.016122125179885316,nan,16,2.755101203918457
confounder-8x3,1000,6,2,latent_warmstart,0.01937653142843665,nan,16,2.7394771575927734
confounder-8x3,1000,6,3,latent_random,0.014309748915961151,12,16,2.7264816761016846
confounder-8x3,1000,6,3,latent_warmstart,0.019626201357512585,16,16,2.731588363647461
confounder-8x3,1000,6,4,latent_random,0.01892793716099206,12,16,2.847837209701538
confounder-8x3,1000,6,4,latent_warmstart,0.021206453229162037,16,16,2.7465808391571045
confounder-8x3,1000,7,0,obs_only_dagma,0.6669103967583592,nan,16,1.02699613571167
confounder-8x3,1000,7,0,latent_random,0.018720873126975235,nan,16,2.680220365524292
confounder-8x3,1000,7,0,latent_warmstart,0.018720873126975235,nan,16,2.618934392929077
confounder-8x3,1000,7,1,latent_random,0.015237126667631884,nan,16,2.6666576862335205
confounder-8x3,1000,7,1,latent_warmstart,0.019311833230501563,nan,16,2.6466636657714844
confounder-8x3,1000,7,2,latent_random,0.01652871470536965,nan,16,2.770617961883545
confounder-8x3,1000,7,2,latent_warmstart,0.020314153768282495,nan,16,2.765502691268921
confounder-8x3,1000,7,3,latent_random,0.017682972957498322,13,16,2.853372812271118
confounder-8x3,1000,7,3,latent_warmstart,0.01827406537713472,16,16,2.750049591064453
confounder-8x3,1000,7,4,latent_random,0.015509622967396552,13,16,2.7042396068573
confounder-8x3,1000,7,4,latent_warmstart,0.015696307644548213,16,16,2.6853201389312744
confounder-8x3,1000,8,0,obs_only_dagma,0.7712114832236026,nan,16,1.015409231185913
confounder-8x3,1000,8,0,latent_random,0.023992754887672163,nan,16,2.622598171234131
confounder-8x3,1000,8,0,latent_warmstart,0.023992754887672163,nan,16,2.5785956382751465
confounder-8x3,1000,8,1,latent_random,0.02181611563726804,nan,16,2.6511127948760986
confounder-8x3,1000,8,1,latent_warmstart,0.03714290396838926,nan,16,2.690645217895508
confounder-8x3,1000,8,2,latent_random,0.03207407080175173,nan,16,2.674478769302368
confounder-8x3,1000,8,2,latent_warmstart,0.025820623795233644,nan,16,2.743992567062378
confounder-8x3,1000,8,3,latent_random,0.028344870453757665,15,16,2.6615052223205566
confounder-8x3,1000,8,3,latent_warmstart,0.019716735292345078,16,16,2.686213731765747
confounder-8x3,1000,8,4,latent_random,0.04302062010483354,14,16,2.6895484924316406
confounder-8x3,1000,8,4,latent_warmstart,0.0248935469768643,16,16,2.7032177448272705
confounder-8x3,1000,9,0,obs_only_dagma,0.9565505696569936,nan,16,1.0276002883911133
confounder-8x3,1000,9,0,latent_random,0.03228527949213422,nan,16,2.571776866912842
confounder-8x3,1000,9,0,latent_warmstart,0.03228527949213422,nan,16,2.6070055961608887
confounder-8x3,1000,9,1,latent_random,0.03687323090846917,nan,16,2.6267740726470947
confounder-8x3,1000,9,1,latent_warmstart,0.03166271427325462,nan,16,2.797201156616211
confounder-8x3,1000,9,2,latent_random,0.019890829782676533,nan,16,2.7030277252197266
confounder-8x3,1000,9,2,latent_warmstart,0.021991429244430094,nan,16,2.6560301780700684
confounder-8x3,1000,9,3,latent_random,0.025108268639517206,10,16,2.671203136444092
confounder-8x3,1000,9,3,latent_warmstart,0.0234335762618052,16,16,2.6338424682617188
confounder-8x3,1000,9,4,latent_random,0.025388968556118385,16,16,2.678335428237915
confounder-8x3,1000,9,4,latent_warmstart,0.02534154481030093,16,16,2.6568334102630615
confounder-8x3,2000,0,0,obs_only_dagma,0.6863670892809708,nan,16,2.2705891132354736
confounder-8x3,2000,0,0,latent_random,0.007489267559792623,nan,16,2.529501438140869
confounder-8x3,2000,0,0,latent_warmstart,0.007489267559792623,nan,16,2.590914726257324
confounder-8x3,2000,0,1,latent_random,0.009688589925971769,nan,16,2.654006242752075
confounder-8x3,2000,0,1,latent_warmstart,0.008805965407356453,nan,16,2.5943005084991455
confounder-8x3,2000,0,2,latent_random,0.007038039006509678,nan,16,2.6558077335357666
confounder-8x3,2000,0,2,latent_warmstart,0.011372575244189775,nan,16,2.597705125808716
confounder-8x3,2000,0,3,latent_random,0.01011656091818125,13,16,2.6376960277557373
confounder-8x3,2000,0,3,latent_warmstart,0.008747274648788661,16,16,2.7023017406463623
confounder-8x3,2000,0,4,latent_random,0.014089064925377315,14,16,2.633603096008301
confounder-8x3,2000,0,4,latent_warmstart,0.006408657685115671,16,16,2.6322593688964844
confounder-8x3,2000,1,0,obs_only_dagma,0.8292224029441257,nan,16,2.2689313888549805
confounder-8x3,2000,1,0,latent_random,0.007174732268454775,nan,16,2.7332727909088135
confounder-8x3,2000,1,0,latent_warmstart,0.007174732268454775,nan,16,2.6383910179138184
confounder-8x3,2000,1,1,latent_random,0.006491673524168462,nan,16,2.7271640300750732
confounder-8x3,2000,1,1,latent_warmstart,0.014910550269936707,nan,16,2.6287550926208496
confounder-8x3,2000,1,2,latent_random,0.01442112885962743,nan,16,2.6981868743896484
confounder-8x3,2000,1,2,latent_warmstart,0.015361093961491434,nan,16,2.627321481704712
confounder-8x3,2000,1,3,latent_random,0.011891487653489463,12,16,2.677614212036133
confounder-8x3,2000,1,3,latent_warmstart,0.011257684962941994,16,16,2.719698667526245
confounder-8x3,2000,1,4,latent_random,0.009271715761808963,14,16,2.8318634033203125
confounder-8x3,2000,1,4,latent_warmstart,0.008122387639291517,16,16,2.855656147003174
confounder-8x3,2000,2,0,obs_only_dagma,0.5810190218034617,nan,16,2.4948465824127197
confounder-8x3,2000,2,0,latent_random,0.01433849931694553,nan,16,2.7045416831970215
confounder-8x3,2000,2,0,latent_warmstart,0.01433849931694553,nan,16,2.5977025032043457
confounder-8x3,2000,2,1,latent_random,0.011039848860921353,nan,16,2.677985191345215
confounder-8x3,2000,2,1,latent_warmstart,0.026217211458831713,nan,16,2.7156853675842285
confounder-8x3,2000,2,2,latent_random,0.023367559753605605,nan,16,2.6800451278686523
confounder-8x3,2000,2,2,latent_warmstart,0.007685954595499922,nan,16,2.7147064208984375
confounder-8x3,2000,2,3,latent_random,0.021397965521520845,13,16,2.8649895191192627
confounder-8x3,2000,2,3,latent_warmstart,0.007393424578372887,16,16,2.6694958209991455
confounder-8x3,2000,2,4,latent_random,0.025078061004847996,13,16,2.643454074859619
confounder-8x3,2000,2,4,latent_warmstart,0.007758885549966621,16,16,2.622572660446167
confounder-8x3,2000,3,0,obs_only_dagma,0.7472410104868032,nan,16,2.2652742862701416
confounder-8x3,2000,3,0,latent_random,0.018407582966791125,nan,16,2.625162124633789
confounder-8x3,2000,3,0,latent_warmstart,0.018407582966791125,nan,16,2.593782901763916
confounder-8x3,2000,3,1,latent_random,0.029597829161078337,nan,16,2.6949527263641357
confounder-8x3,2000,3,1,latent_warmstart,0.029362151948411963,nan,16,2.6262834072113037
confounder-8x3,2000,3,2,latent_random,0.019738077386120878,nan,16,2.6793668270111084
confounder-8x3,2000,3,2,latent_warmstart,0.017118278399992803,nan,16,2.786043167114258
confounder-8x3,2000,3,3,latent_random,0.02357950457842506,13,16,2.6663029193878174
confounder-8x3,2000,3,3,latent_warmstart,0.009796298842264406,16,16,2.6260321140289307
confounder-8x3,2000,3,4,latent_random,0.018848306767715428,15,16,2.6709647178649902
confounder-8x3,2000,3,4,latent_warmstart,0.014938392758841346,16,16,2.6459052562713623
confounder-8x3,2000,4,0,obs_only_dagma,0.8607511328674509,nan,16,2.4383749961853027
confounder-8x3,2000,4,0,latent_random,0.020613628764042602,nan,16,2.655604124069214
confounder-8x3,2000,4,0,latent_warmstart,0.020613628764042602,nan,16,2.5940182209014893
confounder-8x3,2000,4,1,latent_random,0.013152873631231188,nan,16,2.75396990776062
confounder-8x3,2000,4,1,latent_warmstart,0.015148646433164714,nan,16,2.715280294418335
confounder-8x3,2000,4,2,latent_random,0.013476479122621399,nan,16,2.686828136444092
confounder-8x3,2000,4,2,latent_warmstart,0.017650827464525065,nan,16,2.64280366897583
confounder-8x3,2000,4,3,latent_random,0.012441993117453976,16,16,2.6546621322631836
confounder-8x3,2000,4,3,latent_warmstart,0.016647618610843296,16,16,2.7275447845458984
confounder-8x3,2000,4,4,latent_random,0.014875155408454077,16,16,2.6931991577148438
confounder-8x3,2000,4,4,latent_warmstart,0.025738987002053904,16,16,2.682544231414795
confounder-8x3,2000,5,0,obs_only_dagma,0.8886031650251418,nan,16,2.187188148498535
confounder-8x3,2000,5,0,latent_random,0.02069664982347419,nan,16,2.717717409133911
confounder-8x3,2000,5,0,latent_warmstart,0.02069664982347419,nan,16,2.7360188961029053
confounder-8x3,2000,5,1,latent_random,0.007688237157248423,nan,16,2.6818342208862305
confounder-8x3,2000,5,1,latent_warmstart,0.010149012465664242,nan,16,2.70108699798584
confounder-8x3,2000,5,2,latent_random,0.006051354724700531,nan,16,2.6480443477630615
confounder-8x3,2000,5,2,latent_warmstart,0.015568121031252602,nan,16,2.683976888656616
confounder-8x3,2000,5,3,latent_random,0.017645240190446998,14,16,2.6711864471435547
confounder-8x3,2000,5,3,latent_warmstart,0.009215871882089388,16,16,2.64693021774292
confounder-8x3,2000,5,4,latent_random,0.008986682515304878,15,16,2.6558711528778076
confounder-8x3,2000,5,4,latent_warmstart,0.011526769479159427,16,16,2.8555712699890137
confounder-8x3,2000,6,0,obs_only_dagma,0.6640179893329528,nan,16,2.437150239944458
confounder-8x3,2000,6,0,latent_random,0.012829175236632295,nan,16,2.7103006839752197
confounder-8x3,2000,6,0,latent_warmstart,0.012829175236632295,nan,16,2.6501574516296387
confounder-8x3,2000,6,1,latent_random,0.012347325835422751,nan,16,2.723707675933838
confounder-8x3,2000,6,1,latent_warmstart,0.010519650671531267,nan,16,2.7900803089141846
confounder-8x3,2000,6,2,latent_random,0.01405565631143979,nan,16,2.7160568237304688
confounder-8x3,2000,6,2,latent_warmstart,0.01576600824816765,nan,16,2.7535996437072754
confounder-8x3,2000,6,3,latent_random,0.010785748260229155,12,16,2.732433795928955
confounder-8x3,2000,6,3,latent_warmstart,0.01866200903690718,16,16,2.83064341545105
confounder-8x3,2000,6,4,latent_random,0.015242677066954258,14,16,2.6965739727020264
confounder-8x3,2000,6,4,latent_warmstart,0.02035531487329756,16,16,2.741177558898926
confounder-8x3,2000,7,0,obs_only_dagma,0.6945152984291525,nan,16,2.296792507171631
confounder-8x3,2000,7,0,latent_random,0.01059248628727616,nan,16,2.6293845176696777
confounder-8x3,2000,7,0,latent_warmstart,0.01059248628727616,nan,16,2.6887755393981934
confounder-8x3,2000,7,1,latent_random,0.010106354701191478,nan,16,2.765166759490967
confounder-8x3,2000,7,1,latent_warmstart,0.013457272872257064,nan,16,2.7134859561920166
confounder-8x3,2000,7,2,latent_random,0.011258785973140562,nan,16,2.6945552825927734
confounder-8x3,2000,7,2,latent_warmstart,0.013163675801052932,nan,16,2.832552671432495
confounder-8x3,2000,7,3,latent_random,0.014304476395537336,9,16,2.818096399307251
confounder-8x3,2000,7,3,latent_warmstart,0.012364379574059114,16,16,2.743032455444336
confounder-8x3,2000,7,4,latent_random,0.010635405645277984,14,16,2.7281863689422607
confounder-8x3,2000,7,4,latent_warmstart,0.009907237813665759,16,16,2.83072566986084
confounder-8x3,2000,8,0,obs_only_dagma,0.7850311265417798,nan,16,2.2905075550079346
confounder-8x3,2000,8,0,latent_random,0.015218109355156884,nan,16,2.6724636554718018
confounder-8x3,2000,8,0,latent_warmstart,0.015218109355156884,nan,16,2.6434268951416016
confounder-8x3,2000,8,1,latent_random,0.013984080770333307,nan,16,2.7477312088012695
confounder-8x3,2000,8,1,latent_warmstart,0.022076539364329406,nan,16,2.8355343341827393
confounder-8x3,2000,8,2,latent_random,0.02745789139613919,nan,16,2.786658763885498
confounder-8x3,2000,8,2,latent_warmstart,0.0215251460195649,nan,16,2.7517173290252686
confounder-8x3,2000,8,3,latent_random,0.024113195711107593,16,16,2.688040256500244
confounder-8x3,2000,8,3,latent_warmstart,0.014685762038764594,16,16,2.662997245788574
confounder-8x3,2000,8,4,latent_random,0.03399455696885134,14,16,2.649341583251953
confounder-8x3,2000,8,4,latent_warmstart,0.019413400100365408,16,16,2.7038674354553223
confounder-8x3,2000,9,0,obs_only_dagma,0.956315121589256,nan,16,2.324826955795288
confounder-8x3,2000,9,0,latent_random,0.01677490245211466,nan,16,2.63983154296875
confounder-8x3,2000,9,0,latent_warmstart,0.01677490245211466,nan,16,2.702620267868042
confounder-8x3,2000,9,1,latent_random,0.022942648858343517,nan,16,2.674997568130493
confounder-8x3,2000,9,1,latent_warmstart,0.038287410696968394,nan,16,2.6674277782440186
confounder-8x3,2000,9,2,latent_random,0.016736596417519678,nan,16,2.7151286602020264
confounder-8x3,2000,9,2,latent_warmstart,0.0112008415253122,nan,16,2.725342273712158
confounder-8x3,2000,9,3,latent_random,0.016486611208389235,11,16,2.748314380645752
confounder-8x3,2000,9,3,latent_warmstart,0.013218633393119461,16,16,2.6878833770751953
confounder-8x3,2000,9,4,latent_random,0.015119812292471835,16,16,2.672124147415161
confounder-8x3,2000,9,4,latent_warmstart,0.010882538416591814,16,16,2.6880135536193848
confounder-8x3,4000,0,0,obs_only_dagma,0.6665678743577921,nan,16,3.2343266010284424
confounder-8x3,4000,0,0,latent_random,0.01035226180180615,nan,16,2.7340755462646484
confounder-8x3,4000,0,0,latent_warmstart,0.01035226180180615,nan,16,2.7502968311309814
confounder-8x3,4000,0,1,latent_random,0.009787152147584521,nan,16,2.8448004722595215
confounder-8x3,4000,0,1,latent_warmstart,0.012516022705677088,nan,16,2.7022287845611572
confounder-8x3,4000,0,2,latent_random,0.010276696117129447,nan,16,2.720144748687744
confounder-8x3,4000,0,2,latent_warmstart,0.011047166377359474,nan,16,2.7814242839813232
confounder-8x3,4000,0,3,latent_random,0.011238759834977685,10,16,2.7339465618133545
confounder-8x3,4000,0,3,latent_warmstart,0.0080527937428716,16,16,2.826596260070801
confounder-8x3,4000,0,4,latent_random,0.015292141822955685,14,16,2.70292592048645
confounder-8x3,4000,0,4,latent_warmstart,0.01002560959135046,16,16,2.697866916656494
confounder-8x3,4000,1,0,obs_only_dagma,0.8656333752981702,nan,16,3.2535905838012695
confounder-8x3,4000,1,0,latent_random,0.011213812294995407,nan,16,2.68628191947937
confounder-8x3,4000,1,0,latent_warmstart,0.011213812294995407,nan,16,2.6553163528442383
confounder-8x3,4000,1,1,latent_random,0.009648791506775112,nan,16,2.7194793224334717
confounder-8x3,4000,1,1,latent_warmstart,0.022072214747764107,nan,16,2.702430248260498
confounder-8x3,4000,1,2,latent_random,0.02022890994205717,nan,16,2.6613194942474365
confounder-8x3,4000,1,2,latent_warmstart,0.02176974595334258,nan,16,2.791693925857544
confounder-8x3,4000,1,3,latent_random,0.015963437193274643,15,16,2.6879265308380127
confounder-8x3,4000,1,3,latent_warmstart,0.008585053205408144,16,16,2.688493013381958
confounder-8x3,4000,1,4,latent_random,0.020638965666593734,14,16,2.686350107192993
confounder-8x3,4000,1,4,latent_warmstart,0.01293614863575776,15,16,2.703606128692627
confounder-8x3,4000,2,0,obs_only_dagma,0.6087615314450705,nan,16,2.793919324874878
confounder-8x3,4000,2,0,latent_random,0.01866815094864016,nan,16,2.613635778427124
confounder-8x3,4000,2,0,latent_warmstart,0.01866815094864016,nan,16,2.7060530185699463
confounder-8x3,4000,2,1,latent_random,0.024156378274454937,nan,16,2.7600600719451904
confounder-8x3,4000,2,1,latent_warmstart,0.01783203366940711,nan,16,2.707132339477539
confounder-8x3,4000,2,2,latent_random,0.025573621664959134,nan,16,2.7561838626861572
confounder-8x3,4000,2,2,latent_warmstart,0.010833035310961137,nan,16,2.7741425037384033
confounder-8x3,4000,2,3,latent_random,0.020849957786262863,10,16,2.6866207122802734
confounder-8x3,4000,2,3,latent_warmstart,0.008303956140499835,16,16,2.749835968017578
confounder-8x3,4000,2,4,latent_random,0.029716123752624668,12,16,2.6885249614715576
confounder-8x3,4000,2,4,latent_warmstart,0.007255411993998706,16,16,2.7511184215545654
confounder-8x3,4000,3,0,obs_only_dagma,0.7596727821185141,nan,16,3.0870120525360107
confounder-8x3,4000,3,0,latent_random,0.021549879664965133,nan,16,2.8436102867126465
confounder-8x3,4000,3,0,latent_warmstart,0.021549879664965133,nan,16,2.843783378601074
confounder-8x3,4000,3,1,latent_random,0.029169297945671246,nan,16,2.718914031982422
confounder-8x3,4000,3,1,latent_warmstart,0.02403329605902016,nan,16,2.7349612712860107
confounder-8x3,4000,3,2,latent_random,0.018764374159793817,nan,16,2.7256031036376953
confounder-8x3,4000,3,2,latent_warmstart,0.019265582469495612,nan,16,2.664219856262207
confounder-8x3,4000,3,3,latent_random,0.02464606528002733,13,16,2.7190022468566895
confounder-8x3,4000,3,3,latent_warmstart,0.01156067436090602,16,16,2.7300374507904053
confounder-8x3,4000,3,4,latent_random,0.01891353803316065,15,16,2.6455345153808594
confounder-8x3,4000,3,4,latent_warmstart,0.017205255395104757,16,16,2.808511257171631
confounder-8x3,4000,4,0,obs_only_dagma,0.8424517224203658,nan,16,3.1413235664367676
confounder-8x3,4000,4,0,latent_random,0.015079661821284063,nan,16,2.7649612426757812
confounder-8x3,4000,4,0,latent_warmstart,0.015079661821284063,nan,16,2.6255857944488525
confounder-8x3,4000,4,1,latent_random,0.007098602922400943,nan,16,2.7335991859436035
confounder-8x3,4000,4,1,latent_warmstart,0.009448220247991301,nan,16,2.7034177780151367
confounder-8x3,4000,4,2,latent_random,0.007548195314523554,nan,16,2.687145709991455
confounder-8x3,4000,4,2,latent_warmstart,0.00908736203894911,nan,16,2.7032716274261475
confounder-8x3,4000,4,3,latent_random,0.006614187943403849,13,16,2.781888008117676
confounder-8x3,4000,4,3,latent_warmstart,0.008627049855338242,16,16,2.6561906337738037
confounder-8x3,4000,4,4,latent_random,0.009388847938621936,16,16,2.6870899200439453
confounder-8x3,4000,4,4,latent_warmstart,0.014922258146876644,16,16,2.726114511489868
confounder-8x3,4000,5,0,obs_only_dagma,0.903053479517169,nan,16,3.001709461212158
confounder-8x3,4000,5,0,latent_random,0.02232475221480712,nan,16,2.706202745437622
confounder-8x3,4000,5,0,latent_warmstart,0.02232475221480712,nan,16,2.7961127758026123
confounder-8x3,4000,5,1,latent_random,0.008623131008972607,nan,16,2.7108802795410156
confounder-8x3,4000,5,1,latent_warmstart,0.007060509091358469,nan,16,2.7421796321868896
confounder-8x3,4000,5,2,latent_random,0.008057345264017357,nan,16,2.824864387512207
confounder-8x3,4000,5,2,latent_warmstart,0.007700100888195394,nan,16,2.692234754562378
confounder-8x3,4000,5,3,latent_random,0.017448879212524915,14,16,2.670173406600952
confounder-8x3,4000,5,3,latent_warmstart,0.00937806427904242,16,16,2.6896493434906006
confounder-8x3,4000,5,4,latent_random,0.009683033706556543,15,16,2.686112403869629
confounder-8x3,4000,5,4,latent_warmstart,0.012174680393671977,16,16,2.640394449234009
confounder-8x3,4000,6,0,obs_only_dagma,0.6533870328409375,nan,16,3.23913836479187
confounder-8x3,4000,6,0,latent_random,0.010511614938593539,nan,16,2.7297286987304688
confounder-8x3,4000,6,0,latent_warmstart,0.010511614938593539,nan,16,2.718512535095215
confounder-8x3,4000,6,1,latent_random,0.01045209818096815,nan,16,2.7665605545043945
confounder-8x3,4000,6,1,latent_warmstart,0.01060057259652325,nan,16,2.671074151992798
confounder-8x3,4000,6,2,latent_random,0.012230705366883754,nan,16,2.656651258468628
confounder-8x3,4000,6,2,latent_warmstart,0.011381261180902769,nan,16,2.686492919921875
confounder-8x3,4000,6,3,latent_random,0.00870968544324846,12,16,2.6880440711975098
confounder-8x3,4000,6,3,latent_warmstart,0.014829276289823667,16,16,2.640458345413208
confounder-8x3,4000,6,4,latent_random,0.012667648125074038,14,16,2.657325267791748
confounder-8x3,4000,6,4,latent_warmstart,0.014809866621737555,16,16,2.6395983695983887
confounder-8x3,4000,7,0,obs_only_dagma,0.668187083155928,nan,16,3.6105334758758545
confounder-8x3,4000,7,0,latent_random,0.006214429917605457,nan,16,2.5928573608398438
confounder-8x3,4000,7,0,latent_warmstart,0.006214429917605457,nan,16,2.6092910766601562
confounder-8x3,4000,7,1,latent_random,0.005873731565902318,nan,16,2.640528917312622
confounder-8x3,4000,7,1,latent_warmstart,0.00450672943834185,nan,16,2.6256215572357178
confounder-8x3,4000,7,2,latent_random,0.004947380691199044,nan,16,2.655431032180786
confounder-8x3,4000,7,2,latent_warmstart,0.006793316723385345,nan,16,2.731322765350342
confounder-8x3,4000,7,3,latent_random,0.006097551666938372,13,16,2.8084187507629395
confounder-8x3,4000,7,3,latent_warmstart,0.005635706620982006,16,16,2.705845832824707
confounder-8x3,4000,7,4,latent_random,0.006189057658119168,14,16,2.7229998111724854
confounder-8x3,4000,7,4,latent_warmstart,0.003691464343619444,16,16,2.67250394821167
confounder-8x3,4000,8,0,obs_only_dagma,0.7657856790881201,nan,16,2.9374918937683105
confounder-8x3,4000,8,0,latent_random,0.005104383828474113,nan,16,2.656247615814209
confounder-8x3,4000,8,0,latent_warmstart,0.005104383828474113,nan,16,2.749382972717285
confounder-8x3,4000,8,1,latent_random,0.00732458663548563,nan,16,2.7190499305725098
confounder-8x3,4000,8,1,latent_warmstart,0.019334995328609494,nan,16,2.8293979167938232
confounder-8x3,4000,8,2,latent_random,0.010400284804255477,nan,16,2.80161714553833
confounder-8x3,4000,8,2,latent_warmstart,0.006521966400470092,nan,16,2.656195640563965
confounder-8x3,4000,8,3,latent_random,0.009779809557493024,15,16,2.7598843574523926
confounder-8x3,4000,8,3,latent_warmstart,0.007540799093716188,16,16,2.686269998550415
confounder-8x3,4000,8,4,latent_random,0.012168610198749263,13,16,2.6412036418914795
confounder-8x3,4000,8,4,latent_warmstart,0.008539056161474434,16,16,2.7816340923309326
confounder-8x3,4000,9,0,obs_only_dagma,0.9514922734690554,nan,16,3.1403777599334717
confounder-8x3,4000,9,0,latent_random,0.015060233476951623,nan,16,2.7032768726348877
confounder-8x3,4000,9,0,latent_warmstart,0.015060233476951623,nan,16,2.640693426132202
confounder-8x3,4000,9,1,latent_random,0.015111758359601879,nan,16,2.67421555519104
confounder-8x3,4000,9,1,latent_warmstart,0.009885030778162829,nan,16,2.7941720485687256
confounder-8x3,4000,9,2,latent_random,0.011144391262346787,nan,16,2.7203803062438965
confounder-8x3,4000,9,2,latent_warmstart,0.007840912918254617,nan,16,2.7507028579711914
confounder-8x3,4000,9,3,latent_random,0.011886709001100115,12,16,2.732510566711426
confounder-8x3,4000,9,3,latent_warmstart,0.008304011714789894,16,16,2.6559431552886963
confounder-8x3,4000,9,4,latent_random,0.010688789073450167,16,16,2.675827980041504
confounder-8x3,4000,9,4,latent_warmstart,0.009041884791544774,16,16,2.618600606918335
